Episode,Delta V,Accum Reward,Total Time,Solved
1.0,449.5332055580399,2.3198648536479283,3.64,0.0
