Episode,Delta V,Accum Reward,Total Time,Solved
1.0,678.6693573906259,26.700981157109528,5.18,0.0
2.0,223.960522780534,6.853236257040233,4.45,0.0
